SALE TYPE,SOLD DATE,PROPERTY TYPE,ADDRESS,CITY,STATE OR PROVINCE,ZIP OR POSTAL CODE,PRICE,BEDS,BATHS,LOCATION,SQUARE FEET,LOT SIZE,YEAR BUILT,DAYS ON MARKET,$/SQUARE FEET,HOA/MONTH,STATUS,NEXT OPEN HOUSE START TIME,NEXT OPEN HOUSE END TIME,URL (SEE https://www.redfin.com/buy-a-home/comparative-market-analysis FOR INFO ON PRICING),SOURCE,MLS#,FAVORITE,INTERESTED,LATITUDE,LONGITUDE
MLS Listing,,Single Family Residential,268 Jackson Ave,New Windsor,NY,12553,469500,4,2,New Windsor,2419,43560,1950,5,194,,Active,,,https://www.redfin.com/NY/New-Windsor/268-Jackson-Ave-12553/home/72610182,OneKey,H6237173,N,Y,41.4428034,-74.0964436
MLS Listing,,Mobile/Manufactured Home,2 Mazies Ln Lot 5,New Windsor,NY,12553,87900,2,1,Orange County,747,,2023,7,118,985,Active,,,https://www.redfin.com/NY/New-Windsor/2-Mazies-Ln-12553/unit-5/home/184704626,MHMLS,414147,N,Y,41.4312514,-74.0659323
MLS Listing,,Single Family Residential,168 Sycamore Dr,New Windsor,NY,12553,475000,4,2,Beaver Dam Lake,2483,33977,1925,8,191,,Active,,,https://www.redfin.com/NY/New-Windsor/168-Sycamore-Dr-12553/home/54930925,OneKey,H6236856,N,Y,41.4411601,-74.1045193
MLS Listing,,Single Family Residential,6 Knoll Crest Ct,Cornwall,NY,12518,650000,4,3,Stone Hollow,3437,40881,2018,11,189,,Active,,,https://www.redfin.com/NY/Cornwall/6-Knoll-Crest-Ct-12518/home/72608925,OneKey,H6233609,N,Y,41.4434337,-74.0414381
MLS Listing,,Single Family Residential,15 Ridge Rd,Cornwall,NY,12518,640000,4,3,Cornwall,2636,37841,1973,11,243,,Active,,,https://www.redfin.com/NY/Cornwall/15-Ridge-Rd-12518/home/92375081,OneKey,H6236404,N,Y,41.4289016,-74.0303565
MLS Listing,,Single Family Residential,99 Long Hill Rd,Highland Mills,NY,10930,415000,3,1,Highland Mills,1092,82764,1968,11,380,,Pre On-Market,,,https://www.redfin.com/NY/Highland-Mills/99-Long-Hill-Rd-10930/home/57024330,OneKey,H6236514,N,Y,41.3979479,-74.0760692
MLS Listing,,Single Family Residential,17 Payson Rd,Cornwall On Hudson,NY,12520,379500,3,2,Cornwall On Hudson,1200,14810,1956,13,316,,Active,,,https://www.redfin.com/NY/Cornwall-on-Hudson/17-Payson-Rd-12520/home/54910237,OneKey,H6236008,N,Y,41.4402509,-74.0133262
MLS Listing,,Single Family Residential,31 Paradise Hl,Highland Mills,NY,10930,250000,2,1,Highland Mills,690,9148,1947,13,362,,Active,,,https://www.redfin.com/NY/Highland-Mills/31-Paradise-Hl-10930/home/54862953,OneKey,H6235716,N,Y,41.4004842,-74.0774748
MLS Listing,,Single Family Residential,49 Swan Hollow Rd,Cornwall,NY,12533,640000,4,3,Cornwall,2900,32661,2020,17,221,,Active,,,https://www.redfin.com/NY/Cornwall/49-Swan-Hollow-RD-Unknown/home/184619723,OneKey,H6235705,N,Y,41.4343383,-74.0353681
MLS Listing,,Single Family Residential,458 Angola Rd,Cornwall,NY,12518,459900,3,2.5,Cornwall,2260,69696,1971,21,203,,Active,,,https://www.redfin.com/NY/Cornwall/458-Angola-Rd-12518/home/54917355,OneKey,H6234856,N,Y,41.4098595,-74.0592495
MLS Listing,,Single Family Residential,7 Penny Ln,Cornwall,NY,12518,450000,3,2,Cornwall,1720,33541,1980,26,262,,Active,,,https://www.redfin.com/NY/Cornwall/7-Penny-Ln-12518/home/72589701,OneKey,H6233762,N,Y,41.4266383,-74.0377925
MLS Listing,,Single Family Residential,36 Mine Hill Rd,Cornwall,NY,12518,799900,4,2.5,Cornwall,3842,82764,1987,26,208,,Active,,,https://www.redfin.com/NY/Cornwall/36-Mine-Hill-Rd-12518/home/54950448,OneKey,H6234171,N,Y,41.4056076,-74.0511948
MLS Listing,,Single Family Residential,111 Harold Ave,Cornwall,NY,12518,489900,4,2,Quaker Mill,2428,19166,1985,26,202,,Active,,,https://www.redfin.com/NY/Cornwall/111-Harold-Ave-12518/home/54903522,OneKey,H6226618,N,Y,41.441272,-74.0489917
MLS Listing,,Multi-Family (2-4 Unit),1 Mineral Springs Rd,Highland Mills,NY,10930,625000,4,3,Highland Mills,2350,43560,1865,31,266,,Active,,,https://www.redfin.com/NY/Highland-Mills/1-Mineral-Springs-Rd-10930/home/86087071,OneKey,H6232021,N,Y,41.4045321,-74.0632653
MLS Listing,,Single Family Residential,2 Oak Tree Dr,Cornwall,NY,12518,599900,4,2.5,Cornwall,2034,100188,1966,31,295,,Active,,,https://www.redfin.com/NY/Cornwall/2-Oak-Tree-Dr-12518/home/54896592,OneKey,H6233187,N,Y,41.4073753,-74.0510112
MLS Listing,,Single Family Residential,22 Pine St,Cornwall On Hudson,NY,12520,599000,4,2.5,Cornwall On Hudson,2086,7841,1926,33,287,,Active,,,https://www.redfin.com/NY/Cornwall-on-Hudson/22-Pine-St-12520/home/72610269,OneKey,H6224929,N,Y,41.4474543,-74.019202
MLS Listing,,Multi-Family (2-4 Unit),147 Main St,Cornwall,NY,12518,400000,3,3,Cornwall,3264,66211,1850,33,123,,Active,,,https://www.redfin.com/NY/Cornwall/147-Main-St-12518/home/72589547,OneKey,H6232426,N,Y,41.4419308,-74.0288655
MLS Listing,,Single Family Residential,5 Cherry Hill Rd,Cornwall,NY,12518,685000,4,2,Cornwall,2004,52272,1900,33,342,,Active,,,https://www.redfin.com/NY/Cornwall/5-Cherry-Hill-Rd-12518/home/54910741,OneKey,H6233044,N,Y,41.412729,-74.0505522
MLS Listing,,Single Family Residential,115 Joyce Way,New Windsor,NY,12553,699000,4,2.5,The Meadowbrook Estates,2333,28314,2021,37,300,,Active,March-25-2023 10:00 AM,March-25-2023 04:00 PM,https://www.redfin.com/NY/New-Windsor/115-Joyce-Way-12553/home/184242441,OneKey,H6224519,N,Y,41.446493,-74.0876486
MLS Listing,,Single Family Residential,103 Joyce Way,New Windsor,NY,12553,789000,4,3.5,The Meadowbrook Estates,2791,25265,2021,37,283,,Active,March-25-2023 10:00 AM,March-25-2023 04:00 PM,https://www.redfin.com/NY/New-Windsor/103-Joyce-Way-12553/home/184242438,OneKey,H6232228,N,Y,41.446493,-74.0876486
MLS Listing,,Single Family Residential,99 Joyce Way,New Windsor,NY,12553,739000,4,2.5,The Meadow Brook Estates,2772,24829,2020,37,267,,Active,March-25-2023 10:00 AM,March-25-2023 04:00 PM,https://www.redfin.com/NY/New-Windsor/99-Joyce-Way-12553/home/184242378,OneKey,H6232229,N,Y,41.446493,-74.0876486
MLS Listing,,Single Family Residential,108 Joyce Way,New Windsor,NY,12553,689000,4,2.5,The Meadow Brook Estates,2322,24829,2021,37,297,,Active,March-25-2023 10:00 AM,March-25-2023 04:00 PM,https://www.redfin.com/NY/New-Windsor/108-Joyce-Way-12553/home/184242377,OneKey,H6232234,N,Y,41.4465919,-74.0872207
MLS Listing,,Single Family Residential,122 Joyce Way,New Windsor,NY,12553,749000,4,2.5,The Meadow Brook Estates,2494,24829,2021,37,300,,Active,March-25-2023 10:00 AM,March-25-2023 04:00 PM,https://www.redfin.com/NY/New-Windsor/122-Joyce-Way-12553/home/184242376,OneKey,H6232232,N,Y,41.4465919,-74.0872207
MLS Listing,,Single Family Residential,95 Joyce Way,New Windsor,NY,12553,729000,4,3.5,The Meadowbrook Estates,2686,35284,2021,37,271,,Active,March-25-2023 10:00 AM,March-25-2023 04:00 PM,https://www.redfin.com/NY/New-Windsor/95-Joyce-Way-12553/home/184242375,OneKey,H6232230,N,Y,41.446493,-74.0876486
MLS Listing,,Single Family Residential,114 Joyce Way,New Windsor,NY,12553,779000,4,2.5,The Meadowbrook Estates,2717,26572,2021,37,287,,Active,March-25-2023 10:00 AM,March-25-2023 04:00 PM,https://www.redfin.com/NY/New-Windsor/114-Joyce-Way-12553/home/184242374,OneKey,H6232233,N,Y,41.4465919,-74.0872207
MLS Listing,,Single Family Residential,75 Joyce Way,New Windsor,NY,12553,789000,4,2.5,The Meadowbrook Estates,2717,57064,2021,37,290,,Active,March-25-2023 10:00 AM,March-25-2023 04:00 PM,https://www.redfin.com/NY/New-Windsor/75-Joyce-Way-12553/home/184242480,OneKey,H6232243,N,Y,41.446493,-74.0876486
MLS Listing,,Single Family Residential,60 Fawn Hill Rd,Cornwall,NY,12518,1200000,5,6,Cornwall,7280,978358,1986,40,165,,Active,,,https://www.redfin.com/NY/Cornwall/60-Fawn-Hill-Rd-12518/home/72599688,OneKey,H6229692,N,Y,41.417776,-74.043023
MLS Listing,,Condo/Co-op,129 Main St Unit E7,Cornwall,NY,12518,225000,1,1.5,Brookside Condo,924,436,1973,40,244,440,Active,,,https://www.redfin.com/NY/Cornwall/129-Main-St-12518/unit-E7/home/54965262,OneKey,H6231459,N,Y,41.4438973,-74.0285984
MLS Listing,,Mobile/Manufactured Home,2 Mazies Ln #16,New Windsor,NY,12553,94000,3,2,Orange County,952,,2016,41,99,985,Active,,,https://www.redfin.com/NY/New-Windsor/2-Mazies-Ln-12553/unit-16/home/178500409,MHMLS,413636,N,Y,41.4312486,-74.0659386
MLS Listing,,Single Family Residential,127 Mailler Ave,Cornwall,NY,12518,539000,4,3,Cornwall,2440,19602,2023,48,221,,Active,,,https://www.redfin.com/NY/Cornwall/127-Mailler-Ave-12518/home/54986280,OneKey,H6229050,N,Y,41.447483,-74.031359
MLS Listing,,Single Family Residential,117 Main St,Cornwall,NY,12518,405000,3,1,Cornwall,1116,20038,1951,50,363,,Active,,,https://www.redfin.com/NY/Cornwall/117-Main-St-12518/home/54941443,OneKey,H6228951,N,Y,41.4445025,-74.0290254
MLS Listing,,Single Family Residential,98 Joyce Way,New Windsor,NY,12553,779000,4,2.5,The Meadowbrook Estates,2717,24829,2022,55,287,,Active,,,https://www.redfin.com/NY/New-Windsor/98-Joyce-Way-12553/home/182782321,OneKey,H6229188,N,Y,41.4465919,-74.0872207
MLS Listing,,Single Family Residential,32 Old West Point Rd,Cornwall,NY,12518,850000,4,2.5,Cornwall,3225,87120,2023,61,264,,Active,,,https://www.redfin.com/NY/Cornwall/32-Old-West-Point-Rd-12518/home/72609975,OneKey,H6172551,N,Y,41.419666,-74.031989
MLS Listing,,Single Family Residential,426 Maple Hill Dr,Cornwall,NY,12518,515000,4,3.5,Cornwall,2671,95832,1965,61,193,,Active,,,https://www.redfin.com/NY/Cornwall/426-Maple-Hill-Dr-12518/home/54933319,OneKey,H6226968,N,Y,41.407053,-74.077158
MLS Listing,,Single Family Residential,19 Armands Way,Highland Mills,NY,10930,449900,2,1,Highland Mills,1366,87120,1933,63,329,,Active,,,https://www.redfin.com/NY/Highland-Mills/19-Armands-Way-10930/home/72610263,OneKey,H6228165,N,Y,41.3978682,-74.0641831
MLS Listing,,Single Family Residential,7 Mineral Springs Rd,Highland Mills,NY,10930,389000,3,1,Highland Mills,1476,43560,1932,66,264,,Active,,,https://www.redfin.com/NY/Highland-Mills/7-Mineral-Springs-Rd-10930/home/54947083,OneKey,H6227748,N,Y,41.4037073,-74.0634374
MLS Listing,,Vacant Land,1 Rose Hollow Ln,Cornwall,NY,12518,299000,,,Cornwall,,177289,,69,,,Active,,,https://www.redfin.com/NY/Cornwall/1-Rose-Hill-Park-12518/home/92374978,OneKey,H6225639,N,Y,41.4396006,-74.0382922
MLS Listing,,Single Family Residential,11 Rose Hill Park,Cornwall,NY,12518,479000,4,2,Cornwall,1886,9583,1950,76,254,,Active,,,https://www.redfin.com/NY/Cornwall/11-Rose-Hill-Park-12518/home/54918306,OneKey,H6225531,N,Y,41.4388806,-74.0391236
MLS Listing,,Single Family Residential,25 Ponderosa Dr,Cornwall,NY,12518,1300000,3,3,Cornwall,2918,879912,2021,78,446,,Active,,,https://www.redfin.com/NY/Cornwall/25-Ponderosa-Dr-12553/home/183624302,OneKey,H6224975,N,Y,41.4128625,-74.0625222
MLS Listing,,Single Family Residential,125 Joyce Way,New Windsor,NY,12553,710000,4,2.5,The Meadow Brook Estates,2522,26136,2021,91,282,,Active,March-25-2023 10:00 AM,March-25-2023 04:00 PM,https://www.redfin.com/NY/New-Windsor/125-Joyce-Way-12553/home/183428589,OneKey,H6224466,N,Y,41.446493,-74.0876486
MLS Listing,,Single Family Residential,129 Joyce Way,New Windsor,NY,12553,779000,4,2.5,The Meadowbrook Estates,2717,26572,2021,91,287,,Active,March-25-2023 10:00 AM,March-25-2023 04:00 PM,https://www.redfin.com/NY/New-Windsor/129-Joyce-Way-12553/home/183428491,OneKey,H6224467,N,Y,41.446493,-74.0876486
MLS Listing,,Single Family Residential,119 Joyce Way,New Windsor,NY,12553,799000,4,3.5,New Windsor,2856,25700,2021,91,280,,Active,March-25-2023 10:00 AM,March-25-2023 04:00 PM,https://www.redfin.com/NY/New-Windsor/119-Joyce-Way-12553/home/183428487,OneKey,H6224465,N,Y,41.446493,-74.0876486
MLS Listing,,Single Family Residential,109 Joyce Way,New Windsor,NY,12553,749000,4,2.5,The Meadow Brook Estates,2494,25700,2021,91,300,,Active,March-25-2023 10:00 AM,March-25-2023 04:00 PM,https://www.redfin.com/NY/New-Windsor/109-Joyce-Way-12553/home/183428481,OneKey,H6224463,N,Y,41.446493,-74.0876486
MLS Listing,,Single Family Residential,79 Joyce Way,New Windsor,NY,12553,789000,4,3.5,The Meadowbrook Estates,2791,25265,2021,91,283,,Active,March-25-2023 10:00 AM,March-25-2023 04:00 PM,https://www.redfin.com/NY/New-Windsor/79-Joyce-Way-12553/home/183428480,OneKey,H6224462,N,Y,41.446493,-74.0876486
MLS Listing,,Multi-Family (2-4 Unit),270 Hudson St,Cornwall On Hudson,NY,12520,649000,6,3,Cornwall On Hudson,4182,11761,1900,94,155,,Active,,,https://www.redfin.com/NY/Cornwall-On-Hudson/270-Hudson-St-12520/home/183148373,OneKey,H6222255,N,Y,41.4448444,-74.0168904
MLS Listing,,Single Family Residential,22 River Ave,Cornwall On Hudson,NY,12520,398000,2,2,Cornwall On Hudson,1227,5227,1890,95,324,,Active,,,https://www.redfin.com/NY/Cornwall-on-Hudson/22-River-Ave-12520/home/54908471,OneKey,H6214479,N,Y,41.4459817,-74.0142806
MLS Listing,,Single Family Residential,10 Broadway,Cornwall,NY,12518,500000,3,2.5,Cornwall,1796,10019,1910,102,278,,Active,,,https://www.redfin.com/NY/Cornwall/10-Broadway-12518/home/54918076,OneKey,H6220403,N,Y,41.4367342,-74.0342122
MLS Listing,,Single Family Residential,110 Mineral Springs Rd,Highland Mills,NY,10930,299000,3,1,Highland Mills,1020,9148,1932,105,293,,Active,,,https://www.redfin.com/NY/Highland-Mills/110-Mineral-Springs-Rd-10930/home/92375405,OneKey,H6220368,N,Y,41.3976344,-74.0668449
MLS Listing,,Multi-Family (2-4 Unit),5 Kristen Leah Ln,Cornwall,NY,12577,650000,7,4,Cornwall,3786,69696,1999,111,172,,Active,,,https://www.redfin.com/NY/Salisbury-Mills/5-Kristen-Leah-Ln-12577/home/92398018,OneKey,H6222667,N,Y,41.4309033,-74.1137417
MLS Listing,,Single Family Residential,22 Maple St,Cornwall,NY,12518,415000,3,1,Cornwall,1432,10454,1931,116,290,,Active,,,https://www.redfin.com/NY/Cornwall/22-Maple-St-12518/home/54913033,OneKey,H6221336,N,Y,41.4392276,-74.0402251
MLS Listing,,Single Family Residential,52 Ryan Ct,New Windsor,NY,12553,649500,3,2.5,New Windsor,2741,56628,1990,123,237,,Active,,,https://www.redfin.com/NY/New-Windsor/52-Ryan-Ct-12553/home/72589786,OneKey,H6221422,N,Y,41.4451743,-74.0919008
MLS Listing,,Single Family Residential,418 Maple Hill Dr,Cornwall,NY,10953,575000,3,2,Lt 1 Miller Warren Subd,1564,65340,1960,131,368,,Active,,,https://www.redfin.com/NY/Mountainville/418-Mapple-Hill-Dr-10953/home/92375184,OneKey,H6218769,N,Y,41.4067957,-74.0779048
MLS Listing,,Single Family Residential,19 Jacqueline St,New Windsor,NY,12553,399000,3,1,New Windsor,1196,21344,1945,132,334,,Active,,,https://www.redfin.com/NY/New-Windsor/19-Jacqueline-St-12553/home/72610030,OneKey,H6219808,N,Y,41.4484518,-74.055282
MLS Listing,,Single Family Residential,40 Pleasant Hill Rd,New Windsor,NY,12553,579000,3,2.5,New Windsor,2194,47916,1762,133,264,,Active,,,https://www.redfin.com/NY/New-Windsor/40-Pleasant-Hill-Rd-12553/home/72589616,OneKey,H6218673,N,Y,41.4075339,-74.0736829
MLS Listing,,Single Family Residential,12 Mountain Brook Rd,Cornwall,NY,12518,2800000,3,4.5,Cornwall,5355,692604,1994,152,523,,Active,,,https://www.redfin.com/NY/Cornwall/12-Mountain-Brook-Rd-12518/home/56268978,OneKey,H6215909,N,Y,41.4038029,-74.0547518
MLS Listing,,Single Family Residential,375 Angola Rd,Cornwall,NY,12518,1200000,4,2.5,Cornwall,3825,108900,1800,159,314,,Active,,,https://www.redfin.com/NY/Cornwall/375-Angola-Rd-12518/home/54929660,OneKey,H6215008,N,Y,41.4116013,-74.0539027
MLS Listing,,Single Family Residential,88 Joyce Way,New Windsor,NY,12553,749000,4,2.5,The Meadow Brook Estates,2494,24829,2021,223,300,,Active,March-25-2023 10:00 AM,March-25-2023 04:00 PM,https://www.redfin.com/NY/New-Windsor/88-Joyce-Way-12553/home/180939782,OneKey,H6201116,N,Y,41.4465919,-74.0872207
MLS Listing,,Single Family Residential,101 Curie Rd,Cornwall,NY,12518,675000,3,2.5,Cornwall,2800,43560,1954,228,241,,Active,,,https://www.redfin.com/NY/Cornwall/101-Curie-Rd-12518/home/72579706,OneKey,H6201129,N,Y,41.443048,-74.027368
MLS Listing,,Single Family Residential,2319 State Route 32,New Windsor,NY,12553,500000,2,1,New Windsor,675,788436,1922,689,741,,Active,,,https://www.redfin.com/NY/New-Windsor/2319-State-Route-32-12553/home/54938355,OneKey,H6112121,N,Y,41.4415568,-74.0563811
MLS Listing,,Single Family Residential,685 South St,Newburgh,NY,12550,285000,3,2,Newburgh,1700,19197,1920,151,168,,Active,,,https://www.redfin.com/NY/Newburgh/685-South-St-12550/home/72586499,OneKey,H6196360,N,Y,41.5092788,-74.0388482
MLS Listing,,Single Family Residential,10 Elmhurst Ave,Newburgh,NY,12550,274500,2,1,Newburgh,1227,44431,1956,1,224,,Active,,,https://www.redfin.com/NY/Newburgh/10-Elmhurst-Ave-12550/home/72608135,OneKey,H6237136,N,Y,41.5367863,-74.087624
MLS Listing,,Single Family Residential,26 Mandigo Pl,Newburgh,NY,12550,329900,2,2,Newburgh,1526,9527,1960,1,216,,Active,,,https://www.redfin.com/NY/Newburgh/26-Mandigo-Pl-12550/home/54910995,OneKey,H6238300,N,Y,41.510535,-74.0191332
MLS Listing,,Single Family Residential,12 Elmhurst Ave,Newburgh,NY,12550,365000,3,2,Newburgh,1966,235224,1955,1,186,,Active,,,https://www.redfin.com/NY/Newburgh/12-Elmhurst-Ave-12550/home/92363524,OneKey,H6237134,N,Y,41.5369138,-74.087384
MLS Listing,,Vacant Land,27 Gail Pl,Newburgh,NY,12550,54900,,,Newburgh,,19680,,1,,,Active,,,https://www.redfin.com/NY/Newburgh/27-Gail-Pl-12550/home/169986945,OneKey,H6238490,N,Y,41.5342682,-74.0334766
MLS Listing,,Multi-Family (2-4 Unit),257 S William St,Newburgh,NY,12550,299000,5,2,Newburgh,2184,2923,1925,1,137,,Active,,,https://www.redfin.com/NY/Newburgh/257-S-William-St-12550/home/92370415,OneKey,H6237930,N,Y,41.4965171,-74.0193942
MLS Listing,,Single Family Residential,25 Westwood Dr,Newburgh,NY,12550,350000,3,1,Newburgh,1156,10912,1958,1,303,,Active,,,https://www.redfin.com/NY/Newburgh/25-Westwood-Dr-12550/home/72613578,OneKey,H6238319,N,Y,41.5206791,-74.1234225
MLS Listing,,Single Family Residential,34 Noel Dr,Newburgh,NY,12550,349900,3,2,Newburgh,1535,10123,1955,3,228,,Active,,,https://www.redfin.com/NY/Newburgh/34-Noel-Dr-12550/home/54944798,OneKey,H6238232,N,Y,41.527951,-74.0298057
MLS Listing,,Single Family Residential,346 Meadow Ave,Newburgh,NY,12550,300000,4,2,Newburgh,1870,17999,1950,3,160,,Active,,,https://www.redfin.com/NY/Newburgh/346-Meadow-Ave-12550/home/92387109,OneKey,H6238162,N,Y,41.5223717,-74.0686004
MLS Listing,,Single Family Residential,62 Hy Vue Dr,Newburgh,NY,12550,399900,3,1.5,Edgewood Estates,1602,16649,1955,4,250,,Active,,,https://www.redfin.com/NY/Newburgh/62-Hy-Vue-Dr-12550/home/54890860,OneKey,H6237917,N,Y,41.5381136,-74.035681
MLS Listing,,Multi-Family (2-4 Unit),65 North St,Newburgh,NY,12550,349000,3,2,Newburgh,1724,6451,1930,5,202,,Pre On-Market,,,https://www.redfin.com/NY/Newburgh/65-North-St-12550/home/79090988,OneKey,H6236182,N,Y,41.5171627,-74.0151674
MLS Listing,,Single Family Residential,3 Pacer Dr,Newburgh,NY,12550,449900,4,2.5,Newburgh,2180,15377,1965,5,206,,Active,,,https://www.redfin.com/NY/Newburgh/3-Pacer-Dr-12550/home/92386869,OneKey,H6237913,N,Y,41.5239689,-74.0833786
MLS Listing,,Single Family Residential,20 Rockwood Dr,Newburgh,NY,12550,349000,3,1.5,Newburgh,1951,19698,1978,5,179,,Pre On-Market,,,https://www.redfin.com/NY/Newburgh/20-Rockwood-Dr-12550/home/92387812,OneKey,H6236744,N,Y,41.5324082,-74.0287499
MLS Listing,,Single Family Residential,17 Hy Vue Dr,Newburgh,NY,12550,335000,2,1,Newburgh,1560,,1955,6,215,,Pre On-Market,March-26-2023 01:00 AM,March-26-2023 03:00 PM,https://www.redfin.com/NY/Newburgh/17-Hy-Vue-Dr-12550/home/54896201,OneKey,H6237091,N,Y,41.5320987,-74.037563
MLS Listing,,Single Family Residential,79 Hickory Hill Rd,Newburgh,NY,12550,599000,4,3,Newburgh,3355,,2006,7,179,,Active,,,https://www.redfin.com/NY/Newburgh/79-Hickory-Hill-Rd-12550/home/92363231,OneKey,H6237163,N,Y,41.5423883,-74.0800617
MLS Listing,,Multi-Family (2-4 Unit),67 Courtney Ave,Newburgh,NY,12550,289000,6,2,Newburgh,2208,2601,1910,8,131,,Active,,,https://www.redfin.com/NY/Newburgh/67-Courtney-Ave-12550/home/92400159,OneKey,H6227995,N,Y,41.4922804,-74.0129974
MLS Listing,,Single Family Residential,82 Old Little Britain Rd,Newburgh,NY,12550,400000,3,1,Newburgh,2194,15002,1958,8,182,,Active,,,https://www.redfin.com/NY/Newburgh/82-Old-Little-Britain-Rd-12550/home/54862780,OneKey,H6237168,N,Y,41.4957113,-74.0611082
MLS Listing,,Single Family Residential,4 Domingues Rd,Newburgh,NY,12550,624900,4,2.5,Newburgh,2563,60984,2023,9,244,,Active,,,https://www.redfin.com/NY/Newburgh/4-Domingues-Rd-12550/home/184626473,OneKey,H6236861,N,Y,41.5834826,-74.0175097
MLS Listing,,Single Family Residential,11 E Stone St,Newburgh,NY,12550,330000,3,1.5,Newburgh,1168,3920,1900,9,283,,Active,,,https://www.redfin.com/NY/Newburgh/11-E-Stone-St-12550/home/54929250,OneKey,H6236278,N,Y,41.5183241,-74.016215
MLS Listing,,Single Family Residential,166 Montgomery St,Newburgh,NY,12550,775000,5,2,Newburgh,3172,15398,1920,10,244,,Active,,,https://www.redfin.com/NY/Newburgh/166-Montgomery-St-12550/home/54923411,OneKey,H6236137,N,Y,41.50809,-74.0073595
MLS Listing,,Condo/Co-op,440 Carpenter Ave,Newburgh,NY,12550,149900,1,1,Northwood Village,736,436,1973,12,204,266,Active,,,https://www.redfin.com/NY/Newburgh/440-Carpenter-Ave-12550/home/54965415,OneKey,H6235962,N,Y,41.5161768,-74.0167861
MLS Listing,,Single Family Residential,23 Innis Ave,Newburgh,NY,12550,399000,3,2,Newburgh,1466,12001,1951,12,272,,Active,,,https://www.redfin.com/NY/Newburgh/23-Innis-Ave-12550/home/54935278,OneKey,H6236553,N,Y,41.5255157,-74.0637253
MLS Listing,,Vacant Land,193 Renwick St,Newburgh,NY,12550,35000,,,Newburgh,,1320,,12,,,Active,,,https://www.redfin.com/NY/Newburgh/193-Renwick-St-12550/home/171344673,OneKey,H6236370,N,Y,41.494712,-74.016372
MLS Listing,,Single Family Residential,12 Bunker Hill Rd,Newburgh,NY,12550,475000,5,3,Deercreek,2543,16910,1992,13,187,,Active,,,https://www.redfin.com/NY/Newburgh/12-Bunker-Hill-Rd-12550/home/92385975,OneKey,H6236183,N,Y,41.5542273,-74.0354974
MLS Listing,,Single Family Residential,104 Courtney Ave,Newburgh,NY,12550,260000,4,2,Newburgh,1464,2500,1920,14,178,,Active,,,https://www.redfin.com/NY/Newburgh/104-Courtney-Ave-12550/home/72598454,OneKey,H6233595,N,Y,41.4927208,-74.0147
MLS Listing,,Single Family Residential,46 Lancer Dr,Newburgh,NY,12550,379500,4,2,Newburgh,1289,16801,1966,14,294,,Active,,,https://www.redfin.com/NY/Newburgh/46-Lancer-Dr-12550/home/72603664,OneKey,H6236235,N,Y,41.5190177,-74.083641
MLS Listing,,Vacant Land,2 Plattekill Tpke,Newburgh,NY,12550,110000,,,Newburgh,,26188,,14,,,Active,,,https://www.redfin.com/NY/Newburgh/2-Plattekill-Tpke-12550/home/72593358,OneKey,H6236243,N,Y,41.5316599,-74.0611771
MLS Listing,,Multi-Family (2-4 Unit),55 Brewer Rd,Newburgh,NY,12550,579000,6,3,Newburgh,3016,117612,1998,15,192,,Active,,,https://www.redfin.com/NY/Newburgh/55-Brewer-Rd-12550/home/92386633,OneKey,H6235988,N,Y,41.5375018,-74.0222876
MLS Listing,,Multi-Family (2-4 Unit),267 Robinson Ave,Newburgh,NY,12550,299900,3,2,Newburgh,950,14501,1960,15,316,,Active,,,https://www.redfin.com/NY/Newburgh/267-Robinson-Ave-12550/home/171344280,OneKey,H6235407,N,Y,41.510845,-74.020725
MLS Listing,,Condo/Co-op,350 N Water St,Newburgh,NY,12550,325000,2,1.5,Ferry Crossing,1360,436,1978,19,239,415,Active,,,https://www.redfin.com/NY/Newburgh/350-N-Water-St-12550/home/54966818,OneKey,H6235216,N,Y,41.5129991,-74.0064631
MLS Listing,,Multi-Family (2-4 Unit),76 Carson Ave,Newburgh,NY,12550,320000,6,3,Newburgh,1726,3698,1890,19,185,,Active,,,https://www.redfin.com/NY/Newburgh/76-Carson-Ave-12550/home/72608569,OneKey,H6234446,N,Y,41.4940569,-74.013376
MLS Listing,,Condo/Co-op,152 Delafield Ln Unit 15C,Newburgh,NY,12550,365000,3,2.5,Meadow Winds 1,1645,8712,1999,20,222,305,Active,,,https://www.redfin.com/NY/Newburgh/152-Delafield-Ln-12550/unit-15C/home/92388049,OneKey,H6234705,N,Y,41.5329107,-74.0815429
MLS Listing,,Multi-Family (2-4 Unit),205 Broadway,Newburgh,NY,12550,499000,4,,Newburgh,2534,1307,1985,20,197,,Active,,,https://www.redfin.com/NY/Newburgh/205-Broadway-12550/home/92370069,OneKey,H6234321,N,Y,41.5001529,-74.016505
MLS Listing,,Townhouse,128 First St,Newburgh,NY,12550,275000,1,1,Newburgh,2628,1969,1900,21,105,,Active,,,https://www.redfin.com/NY/Newburgh/128-1st-St-12550/home/72578403,OneKey,H6225469,N,Y,41.50236,-74.0111286
MLS Listing,,Single Family Residential,14 -16 Tighe Ave,Newburgh,NY,12550,299000,3,2,Newburgh,1407,1211,1957,22,213,,Active,,,https://www.redfin.com/NY/Newburgh/16-Tighe-Ave-12550/home/72583469,OneKey,H6234767,N,Y,41.5202425,-74.1079402
MLS Listing,,Single Family Residential,112 Clinton St,Newburgh,NY,12550,250000,3,1,Newburgh,1199,5702,1900,23,209,,Active,,,https://www.redfin.com/NY/Newburgh/112-Clinton-St-12550/home/72586189,OneKey,H6232674,N,Y,41.5094406,-74.0114779
MLS Listing,,Multi-Family (2-4 Unit),65 Lander St,Newburgh,NY,12550,245000,6,2,Newburgh,1718,1799,1900,26,143,,Active,,,https://www.redfin.com/NY/Newburgh/65-Lander-St-12550/home/92369808,OneKey,H6234134,N,Y,41.5027905,-74.0122818
MLS Listing,,Single Family Residential,14 Van Cleft Ave,Newburgh,NY,12550,198500,2,1,Newburgh,1040,7000,1959,27,191,,Active,,,https://www.redfin.com/NY/Newburgh/14-Van-Cleft-Ave-12550/home/72586498,OneKey,H6234027,N,Y,41.5082949,-74.0388941
MLS Listing,,Single Family Residential,51 Larter Ave,Newburgh,NY,12550,299000,3,1,Newburgh,960,3659,1930,27,311,,Active,,,https://www.redfin.com/NY/Newburgh/51-Larter-Ave-12550/home/54907489,OneKey,H6228006,N,Y,41.5040213,-74.0360469
MLS Listing,,Single Family Residential,29 Carter St,Newburgh,NY,12550,249000,3,1.5,Newburgh,1080,2701,1880,27,231,,Active,,,https://www.redfin.com/NY/Newburgh/29-Carter-St-12550/home/54926231,OneKey,H6233832,N,Y,41.5034,-74.016719
MLS Listing,,Multi-Family (2-4 Unit),247 Grand St,Newburgh,NY,12550,375000,0,,Newburgh,2428,3001,1880,27,154,,Active,,,https://www.redfin.com/NY/Newburgh/247-Grand-St-12550/home/54949588,OneKey,H6232508,N,Y,41.5083336,-74.0094053
MLS Listing,,Multi-Family (2-4 Unit),73 Benkard Ave,Newburgh,NY,12550,450000,0,,Newburgh,2778,2052,1890,27,162,,Active,,,https://www.redfin.com/NY/Newburgh/73-Benkard-Ave-12550/home/54993122,OneKey,H6232511,N,Y,41.4953902,-74.0150232
MLS Listing,,Single Family Residential,73 Larter Ave,Newburgh,NY,12550,259000,3,1,Newburgh,1296,5702,1954,29,200,,Active,,,https://www.redfin.com/NY/Newburgh/73-Larter-Ave-12550/home/54931851,OneKey,H6233542,N,Y,41.5046254,-74.0369624
MLS Listing,,Multi-Family (2-4 Unit),261 Lakeside Rd,Newburgh,NY,12550,575000,6,4,Newburgh,3060,25265,1974,31,188,,Active,,,https://www.redfin.com/NY/Newburgh/261-Lakeside-Rd-12550/home/69251694,OneKey,H6232019,N,Y,41.5417311,-74.0974682
MLS Listing,,Single Family Residential,7 Fleetwood Dr,Newburgh,NY,12550,259000,3,2,Newburgh,1819,8398,1955,31,142,,Active,,,https://www.redfin.com/NY/Newburgh/7-Fleetwood-Dr-12550/home/92387456,OneKey,H6233447,N,Y,41.5268484,-74.1274598
MLS Listing,,Multi-Family (2-4 Unit),23 City Ter Unit A,Newburgh,NY,12550,329000,5,2,Newburgh,1952,2500,1880,31,169,,Active,,,https://www.redfin.com/NY/Newburgh/23-City-Ter-12550/unit-A/home/92370039,OneKey,H6233436,N,Y,41.5013222,-74.0165836
MLS Listing,,Single Family Residential,367 N Montgomery St,Newburgh,NY,12550,465000,3,2,Newburgh,1426,5118,1930,31,326,,Active,,,https://www.redfin.com/NY/Newburgh/367-N-Montgomery-St-12550/home/56465318,OneKey,H6233119,N,Y,41.5160522,-74.0082717
MLS Listing,,Multi-Family (2-4 Unit),46 Henry Ave,Newburgh,NY,12550,349000,4,2,Newburgh,1783,3698,1900,32,196,,Active,,,https://www.redfin.com/NY/Newburgh/46-Henry-Ave-12550/home/54992767,OneKey,H6232832,N,Y,41.4918439,-74.0121691
MLS Listing,,Townhouse,15 Farrell St,Newburgh,NY,12550,230000,3,1,Newburgh,1116,2914,1918,32,206,,Active,,,https://www.redfin.com/NY/Newburgh/15-Farrell-St-12550/home/54928879,OneKey,H6233079,N,Y,41.5061938,-74.0235629
MLS Listing,,Vacant Land,3 Windswept Ln,Newburgh,NY,12550,225000,,,Newburg,,47916,,33,,,Active,,,https://www.redfin.com/NY/Newburgh/3-Windswept-Ln-12550/home/184319729,Global MLS,202312059,N,Y,41.5537698,-73.9938498
MLS Listing,,Vacant Land,Anchor Dr,Newburgh,NY,12550,219000,,,Anchorage On The Hudson,,56628,,33,,,Active,,,https://www.redfin.com/NY/Newburgh/Anchor-Dr-12550/home/92400483,OneKey,H6233098,N,Y,41.556387,-73.98867
MLS Listing,,Single Family Residential,140 Dogwood Ln,Newburgh,NY,12550,599000,4,3.5,Newburgh,3014,38633,1960,33,199,,Active,,,https://www.redfin.com/NY/Newburgh/140-Dogwood-Ln-12550/home/54945594,OneKey,H6231722,N,Y,41.5322811,-74.0270516
MLS Listing,,Vacant Land,267 Frozen Ridge Rd,Newburgh,NY,12550,795000,,,Newburgh,,1620432,,34,,,Active,,,https://www.redfin.com/NY/Newburgh/267-Frozen-Ridge-Rd-12550/home/72603166,OneKey,H6232772,N,Y,41.5680277,-74.028704
MLS Listing,,Single Family Residential,22 Hasbrouck St,Newburgh,NY,12550,100000,3,1,Newburgh,882,2500,1930,36,113,,Active,,,https://www.redfin.com/NY/Newburgh/22-Hasbrouck-St-12550/home/54936477,OneKey,H6231052,N,Y,41.4975177,-74.0172626
MLS Listing,,Multi-Family (2-4 Unit),61 Overlook Pl,Newburgh,NY,12550,325000,4,2.5,Newburgh,1812,2500,1900,40,179,,Active,,,https://www.redfin.com/NY/Newburgh/61-Overlook-Pl-12550/home/72598451,OneKey,H6225579,N,Y,41.4930044,-74.0126695
MLS Listing,,Single Family Residential,125 Highland Ave,Newburgh,NY,12550,599999,3,4,Newburgh,2400,50965,2022,40,250,,Active,,,https://www.redfin.com/NY/Newburgh/125-Highland-Ave-12550/home/179464093,OneKey,H6232036,N,Y,41.5205275,-74.0591303
MLS Listing,,Single Family Residential,129 Highland Ave,Newburgh,NY,12550,599999,3,4,Newburgh,2400,32234,2022,40,250,,Active,,,https://www.redfin.com/NY/Newburgh/129-Highland-Ave-12550/home/179848731,OneKey,H6232044,N,Y,41.5204714,-74.0595577
MLS Listing,,Single Family Residential,127 Highland Ave,Newburgh,NY,12550,599999,3,4,Newburgh,2400,25744,2022,40,250,,Active,,,https://www.redfin.com/NY/Newburgh/127-Highland-Ave-12550/home/179848725,OneKey,H6232041,N,Y,41.5205066,-74.0593272
MLS Listing,,Multi-Family (2-4 Unit),78 Leslie Rd,Newburgh,NY,12550,689000,7,5,Newburgh,3040,52272,1955,40,227,,Active,,,https://www.redfin.com/NY/Newburgh/78-Leslie-Rd-12550/home/72592947,OneKey,H6225195,N,Y,41.5504259,-74.019834
MLS Listing,,Single Family Residential,2 Pinnacle Blvd,Newburgh,NY,12550,950000,4,4,Pinnacle Of Hudson,3400,63283,2023,41,279,,Active,March-26-2023 01:45 PM,March-26-2023 02:30 PM,https://www.redfin.com/NY/Newburgh/2-Pinnacle-Blvd-12550/home/72587200,OneKey,H6231788,N,Y,41.5395382,-74.0036047
MLS Listing,,Multi-Family (2-4 Unit),271 Powell Ave,Newburgh,NY,12550,599000,7,4,Newburgh,2960,7500,1900,42,202,,Active,,,https://www.redfin.com/NY/Newburgh/271-Powell-Ave-12550/home/184158388,OneKey,H6231420,N,Y,41.5106203,-74.0152678
MLS Listing,,Single Family Residential,15 Commonwealth Ave,Newburgh,NY,12550,699000,3,2.5,Newburgh,2260,23958,1993,45,309,,Active,,,https://www.redfin.com/NY/Newburgh/15-Commonwealth-Ave-12550/home/54938305,OneKey,H6228850,N,Y,41.5273438,-74.0059811
MLS Listing,,Townhouse,134 Fullerton St,Newburgh,NY,12550,215000,2,2,Newburgh,884,,1918,46,243,,Active,,,https://www.redfin.com/NY/Newburgh/134-Fullerton-Ave-12550/home/72578360,OneKey,H6227177,N,Y,41.5061622,-74.0257881
MLS Listing,,Single Family Residential,25 Serenity Ln,Newburgh,NY,12550,373900,3,2,Newburgh,1984,15002,1945,46,188,,Active,,,https://www.redfin.com/NY/Newburgh/25-Serenity-Ln-12550/home/92386710,OneKey,H6230144,N,Y,41.5364951,-74.098692
MLS Listing,,Multi-Family (2-4 Unit),80 Balmville Rd,Newburgh,NY,12550,799000,3,2,Newburgh,2677,22612,1901,48,298,,Active,,,https://www.redfin.com/NY/Newburgh/80-Balmville-Rd-12550/home/54943145,OneKey,H6227899,N,Y,41.531915,-74.0123964
MLS Listing,,Single Family Residential,6 Massachusetts Dr,Newburgh,NY,12550,399999,3,2.5,Newburgh,1932,12781,1989,50,207,,Active,,,https://www.redfin.com/NY/Newburgh/6-Massachusetts-Dr-12550/home/54883859,OneKey,H6229933,N,Y,41.5368147,-74.0294844
MLS Listing,,Single Family Residential,7 Greiner Rd,Newburgh,NY,12550,650000,4,3.5,Newburgh,3324,52272,2002,52,196,,Active,,,https://www.redfin.com/NY/Newburgh/7-Greiner-Rd-12550/home/92400279,OneKey,H6228987,N,Y,41.5665276,-74.0058434
MLS Listing,,Single Family Residential,7 Park Ave,Newburgh,NY,12550,199000,3,1,Newburgh,1242,2701,1900,53,160,,Active,,,https://www.redfin.com/NY/Newburgh/7-Park-Ave-12550/home/72608132,OneKey,H6229805,N,Y,41.5077859,-74.0194948
MLS Listing,,Vacant Land,Ws Frozen Ridge Rd,Newburgh,NY,12550,134900,,,Apple Knolls Estates,,60984,,54,,,Active,,,https://www.redfin.com/NY/Newburgh/Ws-Frozen-Ridge-Rd-12550/home/92387881,OneKey,H6228862,N,Y,41.56293,-74.032053
MLS Listing,,Single Family Residential,524 Fostertown Rd,Newburgh,NY,12550,380000,4,2,Newburgh,1611,47916,1870,61,236,,Active,,,https://www.redfin.com/NY/Newburgh/524-Fostertown-Rd-12550/home/92361676,OneKey,H6181670,N,Y,41.5612707,-74.0507457
MLS Listing,,Single Family Residential,216 Sunset Cove Rd,Newburgh,NY,12550,525000,3,1,Newburgh,1073,3947,1971,63,489,,Active,,,https://www.redfin.com/NY/Newburgh/216-Sunset-Cove-Rd-12550/home/72583206,OneKey,H6226818,N,Y,41.5435183,-74.0980037
MLS Listing,,Single Family Residential,272 Gidney Ave,Newburgh,NY,12550,299900,3,1.5,Newburgh,1364,11700,1985,68,220,,Active,,,https://www.redfin.com/NY/Newburgh/272-Gidney-Ave-12550/home/72596324,OneKey,H6227069,N,Y,41.5104001,-74.0228744
MLS Listing,,Single Family Residential,23 Ramblewood Dr,Newburgh,NY,12550,549900,4,3.5,Fostertown Crossing,2324,29412,2000,70,237,,Active,,,https://www.redfin.com/NY/Newburgh/23-Ramblewood-Dr-12550/home/54946585,OneKey,H6222817,N,Y,41.555315,-74.042878
MLS Listing,,Single Family Residential,168 Washington St,Newburgh City,NY,12550,195000,3,1,Orange County,1200,10890,1900,70,163,,Active,,,https://www.redfin.com/NY/Newburgh/168-Washington-St-12550/home/92370147,MHMLS,413119,N,Y,41.498811,-74.014633
MLS Listing,,Multi-Family (2-4 Unit),694-696 Broadway,Newburgh,NY,12550,599000,5,4,Newburgh,3744,16117,1880,74,160,,Active,,,https://www.redfin.com/NY/Newburgh/694-Broadway-12550/home/92369859,OneKey,H6224189,N,Y,41.5023353,-74.0403088
MLS Listing,,Single Family Residential,41 Liberty Street Wh,Newburgh,NY,12550,365000,4,2.5,Newburgh,2043,3698,1901,80,179,,Active,,,https://www.redfin.com/NY/Newburgh/41-Liberty-Street-Wh-12550/home/54944699,OneKey,H6224783,N,Y,41.4962452,-74.0113054
MLS Listing,,Vacant Land,Wenmar Dr,Newburgh,NY,12550,324900,,,Newburgh,,77972,,81,,,Active,,,https://www.redfin.com/NY/Newburgh/Wenmar-Dr-12550/home/92366169,OneKey,H6225062,N,Y,41.520997,-74.046717
MLS Listing,,Single Family Residential,17 Odell St,Newburgh,NY,12550,399999,4,1.5,Warden Heights,1871,7501,1955,89,214,,Active,,,https://www.redfin.com/NY/Newburgh/17-Odell-St-12550/home/54922884,OneKey,H6221542,N,Y,41.5111422,-74.031986
MLS Listing,,Multi-Family (2-4 Unit),255 Powell Ave,Newburgh,NY,12550,224000,0,,Newburgh,1854,2278,1886,106,121,,Active,,,https://www.redfin.com/NY/Newburgh/255-Powell-Ave-12550/home/92369418,OneKey,H6223203,N,Y,41.5101877,-74.0154837
MLS Listing,,Vacant Land,Cloud St,Newburgh,NY,12550,225000,,,Newburgh,,252648,,109,,,Active,,,https://www.redfin.com/NY/Newburgh/Cloud-St-12550/home/179614967,OneKey,H6222919,N,Y,41.54664,-74.02394
MLS Listing,,Single Family Residential,Lot 2 Union Ave,Newburgh,NY,12550,549900,4,2.5,Newburgh,2505,21780,2023,110,220,,Active,,,https://www.redfin.com/NY/Gardnertown/Lot-2-12550/home/183119172,OneKey,H6222454,N,Y,41.5367868,-74.0714697
MLS Listing,,Vacant Land,Ws Rockcut Rd,Newburgh,NY,12550,500000,,,Newburgh,,626541,,111,,,Active,,,https://www.redfin.com/NY/Newburgh/Ws-Rockcut-Rd-12550/home/163533629,OneKey,H6222400,N,Y,41.547049,-74.116008
MLS Listing,,Townhouse,113 Lander St,Newburgh,NY,12550,235000,4,1.5,Newburgh,1438,2500,1900,115,163,,Active,,,https://www.redfin.com/NY/Newburgh/113-Lander-St-12550/home/54992171,OneKey,H6220262,N,Y,41.504627,-74.0122284
MLS Listing,,Multi-Family (2-4 Unit),135 3rd St,Newburgh,NY,12550,370000,5,2,Newburgh,3076,3311,1900,116,120,,Active,,,https://www.redfin.com/NY/Newburgh/135-3rd-St-12550/home/72607786,OneKey,H6222067,N,Y,41.5039689,-74.0120629
MLS Listing,,Multi-Family (2-4 Unit),63 Colden Hill Rd,Newburgh,NY,12550,375000,4,2,Newburgh,2240,65340,1987,116,167,,Active,,,https://www.redfin.com/NY/Newburgh/63-Colden-Hill-Rd-12550/home/92387487,OneKey,H6221956,N,Y,41.5318443,-74.1217941
MLS Listing,,Multi-Family (2-4 Unit),85 Carpenter Ave,Newburgh,NY,12550,395000,0,,Newburgh,3144,8499,1890,118,126,,Active,,,https://www.redfin.com/NY/Newburgh/85-Carpenter-Ave-12550/home/72578414,OneKey,H6220737,N,Y,41.5038669,-74.0185604
MLS Listing,,Single Family Residential,1183 Union (lot 3) Ave,Newburgh,NY,12550,549900,4,2.5,Newburgh,2700,172933,2021,120,204,,Active,,,https://www.redfin.com/NY/Newburgh/1183-3rd-St-12550/home/182967487,OneKey,H6221411,N,Y,41.504526,-74.018035
MLS Listing,,Single Family Residential,12 Blake St,Newburgh,NY,12550,279000,3,1,Newburgh,1014,5001,1946,121,275,,Active,,,https://www.redfin.com/NY/Newburgh/12-Blake-St-12550/home/54887929,OneKey,H6221339,N,Y,41.5175993,-74.0294412
MLS Listing,,Single Family Residential,1183 Union (lot 2) Ave,Newburgh,NY,12550,469900,4,3,Newburgh,2345,60984,2023,121,200,,Active,,,https://www.redfin.com/NY/Newburgh/1183-2nd-St-12550/home/182968185,OneKey,H6221409,N,Y,41.503257,-74.007727
MLS Listing,,Single Family Residential,5 Austin Tyler Ct,Newburgh,NY,12550,473700,4,3,Newburgh,1908,113256,2010,126,248,,Active,,,https://www.redfin.com/NY/Newburgh/5-Austin-Tyler-Ct-12550/home/92364935,OneKey,H6220641,N,Y,41.550511,-74.057647
MLS Listing,,Single Family Residential,1 Chelsea View Ter,Newburgh,NY,12550,985000,4,4.5,Pinnacle Of Hudson,4002,127988,2022,127,246,,Active,March-26-2023 01:45 PM,March-26-2023 02:30 PM,https://www.redfin.com/NY/Newburgh/1-Chelsea-View-Ter-12550/home/72587195,OneKey,H6220729,N,Y,41.5377563,-74.003597
MLS Listing,,Single Family Residential,2 Chelsea View Ter,Newburgh,NY,12550,1150000,4,4.5,Pinnacle Of Hudson,4002,72009,2022,127,287,,Active,March-26-2023 01:45 PM,March-26-2023 02:30 PM,https://www.redfin.com/NY/Newburgh/2-Chelsea-View-Ter-12550/home/72587197,OneKey,H6220732,N,Y,41.536854,-74.0023579
MLS Listing,,Single Family Residential,7 Chelsea Vw,Newburgh,NY,12550,989000,4,4.5,Pinnacle Of Hudson,4002,41256,2022,141,247,,Active,March-26-2023 01:45 PM,March-26-2023 02:30 PM,https://www.redfin.com/NY/Newburgh/7-Chelsea-View-Ter-12550/home/72608454,OneKey,H6218585,N,Y,41.5382258,-74.0020612
MLS Listing,,Single Family Residential,94 Maple St,Newburgh,NY,12550,269900,2,1,Newburgh,1728,,1930,142,156,,Active,,,https://www.redfin.com/NY/Newburgh/94-Maple-St-12550/home/54917110,OneKey,H6218385,N,Y,41.5038251,-74.045597
MLS Listing,,Single Family Residential,458 1st St,Newburgh,NY,12550,230000,3,1.5,Newburgh,1656,4918,1921,144,139,,Active,,,https://www.redfin.com/NY/Newburgh/458-1st-St-12550/home/54892349,OneKey,H6215220,N,Y,41.5036179,-74.0279761
MLS Listing,,Multi-Family (2-4 Unit),76 Prospect St,Newburgh,NY,12550,345000,3,2,Newburgh,1656,3202,1927,145,208,,Active,,,https://www.redfin.com/NY/Newburgh/76-Prospect-St-12550/home/92369677,OneKey,H6217322,N,Y,41.5037968,-74.0228119
MLS Listing,,Single Family Residential,112 Johnston St,Newburgh,NY,12550,255000,4,2,Newburgh,1426,3202,1900,152,179,,Active,,,https://www.redfin.com/NY/Newburgh/112-Johnston-St-12550/home/92369654,OneKey,H6212249,N,Y,41.5045615,-74.0131692
MLS Listing,,Vacant Land,171 Lakeside Rd,Newburgh,NY,12550,400000,,,Newburgh,,3528360,,154,,,Active,,,https://www.redfin.com/NY/Newburgh/171-Lakeside-Rd-12550/home/182367942,OneKey,H6216397,N,Y,41.5345238,-74.1032018
MLS Listing,,Vacant Land,Route 300,Newburgh,NY,12550,79900,,,Newburgh,,257004,,154,,,Active,,,https://www.redfin.com/NY/Newburgh/Route-300-12550/home/72603144,OneKey,H6216428,N,Y,41.557037,-74.077228
MLS Listing,,Vacant Land,Route 17k,Newburgh,NY,12550,700000,,,Newburgh,,527076,,154,,,Active,,,https://www.redfin.com/NY/Newburgh/Route-17k-12550/home/92387477,OneKey,H6216425,N,Y,41.526634,-74.110527
MLS Listing,,Single Family Residential,98 Lattintown Rd,Newburgh,NY,12550,274900,3,1,Newburgh,1848,40075,1850,195,149,,Active,,,https://www.redfin.com/NY/Newburgh/98-Lattintown-Rd-12550/home/54894990,OneKey,H6187849,N,Y,41.567261,-74.006696
MLS Listing,,Single Family Residential,1 Pinnacle Blvd,Newburgh,NY,12550,929900,4,3,Pinnacle Subdivision,3032,43584,2022,195,307,,Active,March-26-2023 01:45 PM,March-26-2023 02:30 PM,https://www.redfin.com/NY/Newburgh/1-Pinnacle-Blvd-12550/home/72617843,OneKey,H6208156,N,Y,41.5402553,-74.0033837
MLS Listing,,Vacant Land,Black Angus Ct,Newburgh,NY,12550,198888,,,Newburgh,,252648,,208,,,Active,,,https://www.redfin.com/NY/Orange-Lake/Black-Angus-Ct-12550/home/54986405,OneKey,H6205502,N,Y,41.5424786,-74.0910582
MLS Listing,,Vacant Land,54 Fowler Ave,Newburgh,NY,12550,50000,,,Newburgh,,1172,,215,,,Active,,,https://www.redfin.com/NY/Newburgh/54-Fowler-Ave-12550/home/92369458,OneKey,H6205669,N,Y,41.505927,-74.043665
MLS Listing,,Vacant Land,88 Maple St,Newburgh,NY,12550,90000,,,Newburgh,,4051,,215,,,Active,,,https://www.redfin.com/NY/Newburgh/88-Maple-St-12550/home/92369889,OneKey,H6205660,N,Y,41.5039082,-74.045419
MLS Listing,,Townhouse,33 City Ter,Newburgh,NY,12550,200000,3,2.5,Newburgh,1638,1921,1880,215,122,,Active,,,https://www.redfin.com/NY/Newburgh/33-City-Ter-12550/home/54992007,OneKey,H6205649,N,Y,41.5016708,-74.0165224
MLS Listing,,Multi-Family (2-4 Unit),25 City Ter,Newburgh,NY,12550,210000,0,,Newburgh,1584,,1880,220,133,,Active,,,https://www.redfin.com/NY/Newburgh/25-City-Ter-12550/home/72598387,OneKey,H6203915,N,Y,41.5013946,-74.01652
MLS Listing,,Single Family Residential,20 Still Hollow Rd,Newburgh,NY,12550,649900,4,3.5,Orange County,2896,239580,1995,225,224,,Active,,,https://www.redfin.com/NY/Newburgh/20-Still-Hollow-Rd-12550/home/92385656,MHMLS,410074,N,Y,41.5694058,-74.0357269
MLS Listing,,Single Family Residential,18 Breezy Knoll Dr,Newburgh,NY,12550,359900,3,1.5,Sunnyside Acres,2187,5950,1957,236,165,,Active,,,https://www.redfin.com/NY/Newburgh/18-Breezy-Knoll-Dr-12550/home/72613866,OneKey,H6201097,N,Y,41.5191529,-74.0288984
MLS Listing,,Vacant Land,Route 32,Newburgh,NY,12550,35900,,,Orange County,,43560,,239,,,Active,,,https://www.redfin.com/NY/Newburgh/Route-32-12550/home/72617879,MHMLS,409939,N,Y,41.541235,-74.065784
MLS Listing,,Vacant Land,Canterbury Drive Rd,Newburgh,NY,12550,199000,,,Canterbury,,278784,,239,,,Active,,,https://www.redfin.com/NY/Newburgh/Canterbury-Dr-12550/home/180663664,OneKey,H6201070,N,Y,41.564992,-74.0510659
MLS Listing,,Vacant Land,,Newburgh,NY,12550,798000,,,Newburgh,,217800,,245,,,Active,,,https://www.redfin.com/NY/Newburgh/Undisclosed-address-12550/home/72603614,OneKey,3417238,N,Y,41.5068071,-74.0067142
MLS Listing,,Vacant Land,0 Foxwood Dr,Newburgh,NY,12550,79995,,,Newburgh,,43560,,248,,,Active,,,https://www.redfin.com/NY/Newburgh/Foxwood-Dr-12550/home/72603113,OneKey,H6189282,N,Y,41.552164,-74.066688
MLS Listing,,Vacant Land,Oak Street & River Rd,Newburgh,NY,,240000,,,Orange,,117612,,265,,,Active,,,https://www.redfin.com/NY/Newburgh/Oak-Street-River-RD-Unknown/home/180255819,HVCRMLS,20222050,N,Y,41.5762452,-74.1005044
MLS Listing,,Single Family Residential,14 Ohio Dr,Newburgh,NY,12550,400000,4,2.5,Wedgewood,2051,25056,1988,273,195,,Active,,,https://www.redfin.com/NY/Newburgh/14-Ohio-Dr-12550/home/54886691,OneKey,H6193318,N,Y,41.5366828,-74.0315041
MLS Listing,,Vacant Land,Oak St & River Rd,Newburgh,NY,12550,240000,,,Newburgh,,117612,,274,,,Active,,,https://www.redfin.com/NY/Newburgh/Oak-St-River-Rd-12550/home/92385756,OneKey,H6191610,N,Y,41.560296,-73.984685
MLS Listing,,Single Family Residential,3 Pinnacle Blvd,Newburgh,NY,12550,1225000,4,5,Pinnacle On Hudson,6083,87120,2009,297,201,,Active,,,https://www.redfin.com/NY/Newburgh/3-Pinnacle-Blvd-12550/home/91491417,OneKey,H6187443,N,Y,41.5401062,-74.0026987
MLS Listing,,Single Family Residential,169 Holmes Rd,Newburgh,NY,12550,149900,3,1.5,Newburgh,2214,47916,1850,299,68,,Active,,,https://www.redfin.com/NY/Newburgh/169-Holmes-Rd-12550/home/92386130,OneKey,H6187994,N,Y,41.5620047,-74.0275565
MLS Listing,,Single Family Residential,7 Highland Ter,Marlboro,NY,12550,636000,3,3,Marlboro,2600,,2022,302,245,,Active,,,https://www.redfin.com/NY/Newburgh/7-Highland-Ter-12550/home/146406470,OneKey,H6187353,N,Y,41.5578683,-74.0026658
MLS Listing,,Single Family Residential,6 Highland Ter,Marlboro,NY,12550,636000,3,3,Marlboro,2600,,2022,302,245,,Active,,,https://www.redfin.com/NY/Newburgh/6-Highland-Ter-12550/home/143750286,OneKey,H6187348,N,Y,41.5577064,-74.003669
MLS Listing,,Single Family Residential,66 Highland Ter,Marlboro,NY,12550,636000,3,3,Marlboro,2600,,2022,302,245,,Active,,,https://www.redfin.com/NY/Newburgh/66-Highland-Ter-12550/home/54935774,OneKey,H6187230,N,Y,41.5558018,-73.9978553
MLS Listing,,Vacant Land,River Rd,Newburgh,NY,12550,250000,,,Newburgh,,191664,,384,,,Active,,,https://www.redfin.com/NY/Newburgh/River-Rd-12550/home/92386178,OneKey,H6166383,N,Y,41.549573,-73.998896
MLS Listing,,Vacant Land,38 Route 17k,Newburgh,NY,12550,6000000,,,Newburgh,,814572,,385,,,Active,,,https://www.redfin.com/NY/Newburgh/38-New-York-17K-12550/home/178530416,OneKey,H6168629,N,Y,41.5037327,-74.0564936
MLS Listing,,Vacant Land,Lakeside Rd,Newburgh,NY,12550,720000,,,Newburgh,,3837636,,456,,,Active,,,https://www.redfin.com/NY/Newburgh/Lakeside-Rd-12550/home/72613825,OneKey,H6158575,N,Y,41.529758,-74.101427
MLS Listing,,Multi-Family (2-4 Unit),157 Chambers St,Newburgh,NY,12550,274500,0,,Newburgh,2640,2500,1900,701,104,,Active,,,https://www.redfin.com/NY/Newburgh/157-Chambers-St-12550/home/54993519,OneKey,H6109183,N,Y,41.5061181,-74.011708
MLS Listing,,Vacant Land,9 Sky View Ct,Newburgh,NY,12550,275000,,,Kahn Subdivision,,91476,,1140,,,Active,,,https://www.redfin.com/NY/Newburgh/9-Sky-View-CT-12550/home/170499019,OneKey,H6007226,N,Y,41.5034271,-74.0104178
MLS Listing,,Vacant Land,Fletcher Dr,Newburgh,NY,12550,150000,,,Newburgh,,6761,,1377,,,Active,,,https://www.redfin.com/NY/Newburgh/Fletcher-Dr-12550/home/72613889,OneKey,H4953818,N,Y,41.509936,-74.092363
For-Sale-by-Owner Listing,,Multi-Family (2-4 Unit),52 S Miller St,Newburgh,NY,12550,375000,0,,Newburgh,2310,1890,1900,32,162,,Active,,,https://www.redfin.com/NY/Newburgh/52-S-Miller-St-12550/home/92370173,Fizber.com,11488746,N,Y,41.5020851,-74.0141485
